Symbol,Name,Last Sale,Net Change,% Change,Market Cap,Country,IPO Year,Volume,Sector,Industry
AAMC,Altisource Asset Management Corp Com,$56.65,-0.84,-1.461%,100678663.00,United States,,4380,Finance,Investment Managers
AAU,Almaden Minerals Ltd. Common Shares,$0.1924,-0.0078,-3.896%,26401399.00,Canada,2015,219335,,
ACAQ,Athena Consumer Acquisition Corp. Class A Common Stock,$10.66,0.00,0.00%,342292600.00,,2021,2070,Industrials,Consumer Electronics/Appliances
ACU,Acme United Corporation. Common Stock,$25.7365,-0.4185,-1.60%,90971553.00,United States,1988,2364,Consumer Discretionary,Home Furnishings
ADEX,Adit EdTech Acquisition Corp. Common Stock,$10.22,0.00,0.00%,352590000.00,,2021,10,Industrials,Consumer Electronics/Appliances
ADRT,Ault Disruptive Technologies Corporation Common Stock,$10.417,0.00,0.00%,149744375.00,,2022,100,Industrials,Consumer Electronics/Appliances
AE,Adams Resources & Energy Inc. Common Stock,$53.875,-2.395,-4.256%,132123266.00,United States,1980,18162,Energy,Oilfield Services/Equipment
AEF,abrdn Emerging Markets Equity Income Fund Inc. Common Stock,$5.2546,-0.0354,-0.669%,266680293.00,United States,,68542,Finance,Finance/Investors Services
AGE,AgeX Therapeutics Inc. Common Stock,$0.6108,0.0002,0.033%,23178120.00,,2018,1949,Health Care,Biotechnology: Pharmaceutical Preparations
AIM,AIM ImmunoTech Inc. Common Stock,$0.5001,-0.0269,-5.104%,19848975.00,United States,1997,82124,Health Care,Biotechnology: Biological Products (No Diagnostic Substances)
AINC,Ashford Inc. (Holding Company) Common Stock,$12.9101,-0.1599,-1.223%,40215749.00,United States,2014,300,Finance,Investment Managers
AIRI,Air Industries Group Common Stock,$4.85,0.08,1.677%,15752494.00,United States,,3629,Industrials,Military/Government/Technical
AMBI,Ambipar Emergency Response Class A Ordinary Shares,$12.9688,-4.2812,-24.819%,233439982.00,,,119635,,
AMBO,Ambow Education Holding Ltd. American Depository Shares each representing two Class A ordinary shares,$0.3066,0.00,0.00%,7785546.00,China,,6974,Consumer Discretionary,Service to the Health Industry
AMPE,Ampio Pharmaceuticals Inc.,$0.279,-0.0009,-0.322%,4208936.00,United States,2022,40538,Health Care,Biotechnology: Pharmaceutical Preparations
AMS,American Shared Hospital Services Common Stock,$3.07,-0.045,-1.445%,18889710.00,United States,1988,9066,Health Care,Medical Specialities
APT,Alpha Pro Tech Ltd. Common Stock,$4.152,0.022,0.533%,51962097.00,Canada,2000,6631,,
AREN,The Arena Group Holdings Inc. Common Stock,$6.95,-0.04,-0.572%,127207191.00,,2022,1546,Technology,Interactive Media
ARMP,Armata Pharmaceuticals Inc. Common Stock,$2.75,-0.31,-10.131%,99397942.00,United States,,22219,Health Care,Biotechnology: Biological Products (No Diagnostic Substances)
ASM,Avino Silver & Gold Mines Ltd. Common Shares (Canada),$0.6802,-0.0198,-2.829%,80501051.00,Canada,,91535,,
ASXC,Asensus Surgical Inc. Common Stock,$0.7001,0.025,3.703%,165811608.00,United States,,1375639,Health Care,Medical/Dental Instruments
ATNM,Actinium Pharmaceuticals Inc. (Delaware) Common Stock,$9.93,-0.27,-2.647%,253049229.00,United States,,136871,Health Care,Biotechnology: Pharmaceutical Preparations
AULT,Ault Alliance Inc. Common Stock,$0.1155,-0.004,-3.347%,45587597.00,United States,1997,2447070,Industrials,Military/Government/Technical
AULT^D,Ault Alliance Inc. 13.00% Series D Cumulative Redeemable Perpetual Preferred Stock,$13.59,0.04,0.295%,,United States,,3071,,
AUMN,Golden Minerals Company Common Stock,$0.2161,-0.0079,-3.527%,36191994.00,United States,,141998,Basic Materials,Precious Metals
AUST,Austin Gold Corp. Common Shares,$0.92,0.01,1.099%,12210010.00,,2022,20060,,
AWX,Avalon Holdings Corporation Common Stock,$2.80,-0.125,-4.274%,10918407.00,United States,1998,489,Utilities,Environmental Services
BATL,Battalion Oil Corporation Common Stock,$8.55,-0.07,-0.812%,139748168.00,,,3971,Energy,Oil & Gas Production
BCV,Bancroft Fund Ltd.,$18.1451,-0.4049,-2.183%,105939404.00,United States,1972,14160,Finance,Finance/Investors Services
BCV^A,Bancroft Fund Limited 5.375% Series A Cumulative Preferred Shares,$23.46,0.00,0.00%,,United States,,4,,
BDL,Flanigan's Enterprises Inc. Common Stock,$28.35,-0.39,-1.357%,52692642.00,United States,1972,3850,Consumer Discretionary,Restaurants
BGI,Birks Group Inc. Common Stock,$8.32,0.11,1.34%,155841662.00,Canada,,28761,,
BHB,Bar Harbor Bankshares Inc. Common Stock,$28.61,-0.58,-1.987%,431524630.00,United States,1997,3875,Finance,Major Banks
BHM,Bluerock Homes Trust Inc. Class A Common Stock,$20.30,0.00,0.00%,78023091.00,,2022,5669,Real Estate,Real Estate Investment Trusts
BITE,Bite Acquisition Corp. Common Stock,$10.24,-0.005,-0.049%,262553600.00,,2021,4089,Industrials,Consumer Electronics/Appliances
BKTI,BK Technologies Corporation Common Stock,$2.99,-0.24,-7.43%,50783048.00,United States,,7797,Technology,Radio And Television Broadcasting And Communications Equipment
BMTX,BM Technologies Inc. Common Stock,$3.27,-0.11,-3.254%,40019722.00,,2018,13093,Technology,EDP Services
BRBS,Blue Ridge Bankshares Inc. Common Stock,$12.31,0.19,1.568%,233278550.00,,,3877,Finance,Commercial Banks
BRN,Barnwell Industries Inc. Common Stock,$2.44,0.0217,0.897%,24294316.00,United States,1965,2063,Energy,Oil & Gas Production
BTG,B2Gold Corp Common shares (Canada),$3.318,-0.172,-4.928%,3565412194.00,Canada,,5908838,,
BTTR,Better Choice Company Inc. Common Stock,$0.6296,-0.0004,-0.063%,18513721.00,,2021,3965,Consumer Discretionary,Food Distributors
BURU,Nuburu Inc. Common Stock,$5.50,0.11,2.041%,187917862.00,,2020,22544,Technology,Industrial Machinery/Components
CANF,Can-Fite Biopharma Ltd Sponsored ADR (Israel),$2.76,-0.04,-1.429%,9770825.00,Israel,,28402,Health Care,Biotechnology: Pharmaceutical Preparations
CATX,Perspective Therapeutics Inc. Common Stock,$0.4697,0.0367,8.476%,130885588.00,United States,,768854,Health Care,Medical Specialities
CCEL,Cryo-Cell International Inc. Common Stock,$3.855,0.1435,3.866%,32841709.00,United States,2022,9925,Health Care,Managed Health Care
CCF,Chase Corporation Common Stock,$100.63,-0.15,-0.149%,955986811.00,United States,1995,14706,Consumer Discretionary,Paints/Coatings
CEI,Camber Energy Inc. Common Stock,$1.715,0.005,0.292%,30449756.00,United States,,487313,Energy,Oil & Gas Production
CET,Central Securities Corporation Common Stock,$34.96,-0.54,-1.521%,978054455.00,United States,1951,6491,Finance,Finance/Investors Services
CEV,Eaton Vance California Municipal Income Trust Shares of Beneficial Interest,$9.90,-0.01,-0.101%,69632393.00,United States,1999,22315,Finance,Finance/Investors Services
CIK,Credit Suisse Asset Management Income Fund Inc. Common Stock,$2.80,0.00,0.00%,146549178.00,United States,,148634,Finance,Finance/Investors Services
CIX,CompX International Inc. Common Stock,$19.09,-0.15,-0.78%,234943627.00,United States,1998,12312,Technology,Security Systems Services
CKX,CKX Lands Inc. Common Stock,$9.93,0.03,0.303%,19606060.00,United States,2003,213,Energy,Oil & Gas Production
CLM,Cornerstone Strategic Value Fund Inc. New Common Stock,$8.0562,-0.0038,-0.047%,1648069949.00,United States,2003,1257027,Finance,Finance/Investors Services
CMCL,Caledonia Mining Corporation Plc Common Shares,$12.80,-0.55,-4.12%,221226394.00,Canada,,52470,Basic Materials,Precious Metals
CMT,Core Molding Technologies Inc Common Stock,$17.22,-0.13,-0.749%,153609322.00,United States,1996,45202,Consumer Discretionary,Electronic Components
COHN,Cohen & Company Inc.,$9.095,0.1073,1.194%,15615587.00,United States,,1419,Finance,Investment Managers
CPHI,China Pharma Holdings Inc. Common Stock,$0.5957,-0.0343,-5.444%,30763455.00,China,,147050,Health Care,Biotechnology: Pharmaceutical Preparations
CQP,Cheniere Energy Partners LP Cheniere Energy Partners LP Common Units,$49.61,-0.26,-0.521%,24012808817.00,United States,2007,83978,Utilities,Oil/Gas Transmission
CRF,Cornerstone Total Return Fund Inc. (The) Common Stock,$7.69,0.01,0.13%,747080116.00,United States,2003,554225,Finance,Finance/Investors Services
CTGO,Contango ORE Inc. Common Stock,$23.09,-0.03,-0.13%,166649027.00,,2021,506,Basic Materials,Precious Metals
CTM,Castellum Inc. Common Stock,$1.0291,-0.0209,-1.99%,43485230.00,,2022,51253,Technology,EDP Services
CVM,Cel-Sci Corporation Common Stock,$2.994,-0.136,-4.345%,130954162.00,United States,1997,135964,Health Care,Biotechnology: Biological Products (No Diagnostic Substances)
CVR,Chicago Rivet & Machine Co. Common Stock,$28.5214,-1.5846,-5.263%,27555437.00,United States,1930,1665,Consumer Discretionary,Industrial Specialties
CVU,CPI Aerostructures Inc. Common Stock,$3.83,-0.09,-2.296%,47428525.00,United States,2022,11222,Industrials,Military/Government/Technical
CYBN,Cybin Inc. Common Shares,$0.405,-0.0403,-9.05%,76945641.00,,,2046559,Health Care,Pharmaceuticals and Biotechnology
DC,Dakota Gold Corp. Common Stock,$2.66,-0.16,-5.674%,194654148.00,,2022,124518,Basic Materials,Precious Metals
DHY,Credit Suisse High Yield Bond Fund Common Stock,$1.895,-0.005,-0.263%,196158528.00,United States,1998,156747,Finance,Finance/Investors Services
DIT,AMCON Distributing Company Common Stock,$172.76,11.54,7.158%,105565344.00,United States,1999,73,Consumer Discretionary,Food Distributors
DLA,Delta Apparel Inc. Common Stock,$13.60,-0.16,-1.163%,95213872.00,United States,2000,8004,Consumer Discretionary,Department/Specialty Retail Stores
DMF,BNY Mellon Municipal Income Inc. Common Stock,$6.17,0.01,0.162%,128072337.00,United States,1988,48408,Finance,Finance/Investors Services
DMYY,dMY Squared Technology Group Inc. Class A Common Stock,$10.271,0.00,0.00%,0.00,,2022,1,Industrials,Consumer Electronics/Appliances
DNN,Denison Mines Corp Ordinary Shares (Canada),$1.165,-0.065,-5.285%,957880098.00,Canada,,4066641,,
DPSI,DecisionPoint Systems Inc. Common Stock,$7.86,-0.25,-3.083%,58144303.00,,2022,6361,Technology,Retail: Computer Software & Peripheral Equipment
DSS,DSS Inc. Common Stock,$0.2525,0.0131,5.472%,35101836.00,United States,,237744,,
DXF,Dunxin Financial Holdings Limited American Depositary Shares,$0.1648,-0.0041,-2.427%,3440890.00,China,,53989,Consumer Discretionary,Apparel
EAD,Allspring Income Opportunities Fund Common Shares,$6.685,-0.015,-0.224%,399266813.00,United States,2003,96049,Finance,Finance/Investors Services
ECF,Ellsworth Growth and Income Fund Ltd.,$8.63,-0.05,-0.576%,118279898.00,United States,1986,23452,Finance,Finance/Investors Services
ECF^A,Ellsworth Growth and Income Fund Ltd. 5.25% Series A Cumulative Preferred Shares (Liquidation Preference $25.00 per share),$23.01,-0.02,-0.087%,,United States,,800,,
EFSH,1847 Holdings LLC Common Shares,$1.31,-0.0676,-4.907%,5638862.00,,2022,8905,Industrials,Consumer Electronics/Appliances
EIM,Eaton Vance Municipal Bond Fund Common Shares of Beneficial Interest $.01 par value,$10.04,0.00,0.00%,722409967.00,United States,2002,122202,Finance,Finance/Investors Services
ELA,Envela Corporation Common Stock,$7.595,0.145,1.946%,204490674.00,United States,,18548,Consumer Discretionary,Consumer Specialties
ELLO,Ellomay Capital Ltd Ordinary Shares (Israel),$12.25,0.00,0.00%,157444166.00,Israel,,32,Utilities,Electric Utilities: Central
ELMD,Electromed Inc. Common Stock,$12.30,-0.78,-5.963%,104724217.00,United States,2011,15902,Health Care,Biotechnology: Electromedical & Electrotherapeutic Apparatus
EMAN,eMagin Corporation Common Stock,$1.0501,-0.0699,-6.241%,82135223.00,United States,,161772,Technology,Industrial Machinery/Components
EMX,EMX Royalty Corporation Common Shares (Canada),$1.95,-0.04,-2.01%,215664521.00,Canada,,77400,,
ENSV,Enservco Corporation Common Stock,$0.6204,-0.013,-2.052%,7375840.00,United States,,121804,Energy,Oilfield Services/Equipment
ENX,Eaton Vance New York Municipal Bond Fund Common Shares of Beneficial Interest $.01 par value,$9.26,0.10,1.092%,166321536.00,United States,2002,18985,Finance,Finance/Investors Services
EP,Empire Petroleum Corporation Common Stock,$12.46,0.49,4.094%,275316845.00,United States,2022,11313,Energy,Oil & Gas Production
EPM,Evolution Petroleum Corporation Inc. Common Stock,$6.43,-0.18,-2.723%,216802239.00,United States,,136531,Energy,Oil & Gas Production
EQX,Equinox Gold Corp. Common Shares,$3.535,-0.215,-5.733%,1078375876.00,Canada,,1327476,,
ERC,Allspring Multi-Sector Income Fund Common Stock,$9.745,-0.145,-1.466%,273321055.00,United States,2003,58834,Finance,Finance/Investors Services
ERH,Allspring Utilities and High Income Fund Common Shares,$10.52,-0.15,-1.406%,97754544.00,,2004,13421,Finance,Finance/Investors Services
ESP,Espey Mfg. & Electronics Corp. Common Stock,$19.58,-0.03,-0.153%,52917554.00,United States,1960,11053,Technology,Industrial Machinery/Components
EU,enCore Energy Corp. Common Shares,$2.08,-0.12,-5.455%,248838358.00,,2023,328241,,
EVBN,Evans Bancorp Inc. Common Stock,$38.39,-0.11,-0.286%,208728273.00,United States,,7737,Finance,Major Banks
EVI,EVI Industries Inc.  Common Stock,$19.045,-0.955,-4.775%,239325602.00,United States,1999,19013,Industrials,Industrial Machinery/Components
EVM,Eaton Vance California Municipal Bond Fund Common Shares of Beneficial Interest $.01 par value,$8.72,0.00,0.00%,215148028.00,United States,2002,53700,Finance,Finance/Investors Services
EVV,Eaton Vance Limited Duration Income Fund Common Shares of Beneficial Interest,$10.22,-0.02,-0.195%,1187599361.00,United States,2003,196807,Finance,Finance/Investors Services
FAX,abrdn Asia-Pacific Income Fund Inc. Common Stock,$2.715,-0.025,-0.912%,672494013.00,United States,1986,551291,Finance,Investment Managers
FCO,abrdn Global Income Fund Inc. Common Stock,$5.508,-0.012,-0.217%,62075904.00,United States,1992,23704,Finance,Investment Managers
FEN,First Trust Energy Income and Growth Fund,$13.66,-0.18,-1.301%,265874429.00,United States,2004,34979,Finance,Finance/Investors Services
FGH,FG Group Holdings Inc. Common Stock,$2.15,0.03,1.415%,41859745.00,United States,,9012,Consumer Discretionary,Industrial Machinery/Components
FLAG,First Light Acquisition Group Inc. Class A Common Stock,$10.26,0.00,0.00%,101348526.00,,2021,10,Industrials,Consumer Electronics/Appliances
FOXO,FOXO Technologies Inc. Class A Common Stock,$0.55,-0.064,-10.423%,15140988.00,,2022,505756,Technology,Retail: Computer Software & Peripheral Equipment
FRD,Friedman Industries Inc. Common Stock,$12.80,-0.21,-1.614%,94407526.00,United States,1975,190684,Industrials,Steel/Iron Ore
FSI,Flexible Solutions International Inc. Common Stock (CDA),$3.07,-0.04,-1.286%,38148618.00,Canada,2002,7876,Consumer Discretionary,Recreational Games/Products/Toys
FSP,Franklin Street Properties Corp. Common Stock,$2.165,-0.125,-5.459%,223505754.00,United States,,1561108,Real Estate,Real Estate Investment Trusts
FTF,Franklin Limited Duration Income Trust Common Shares of Beneficial Interest,$6.4009,0.0009,0.014%,258630758.00,United States,2003,68969,Finance,Finance/Investors Services
FURY,Fury Gold Mines Limited Common Shares,$0.5688,-0.0212,-3.593%,79331076.00,,2020,118564,,
GAU,Galiano Gold Inc.,$0.50,-0.0092,-1.807%,112471727.00,Canada,,82585,,
GBR,New Concept Energy Inc Common Stock,$1.23,0.00,0.00%,6312279.00,United States,1993,6414,Real Estate,Real Estate
GENC,Gencor Industries Inc. Common Stock,$14.4572,-0.0628,-0.433%,211909329.00,United States,,14596,Industrials,Construction/Ag Equipment/Trucks
GGN,GAMCO Global Gold Natural Resources & Income Trust,$3.59,-0.07,-1.913%,553428365.00,United States,2005,325142,Finance,Finance/Investors Services
GGN^B,GAMCO Global Gold Natural Reources & Income Trust 5.00% Series B Cumulative 25.00 Liquidation Preference,$22.34,-0.21,-0.931%,,United States,,3669,,
GLDG,GoldMining Inc. Common Shares,$0.9645,-0.0355,-3.55%,160345412.00,,,695594,,
GLO,Clough Global Opportunities Fund Common Stock,$4.855,-0.075,-1.521%,211414480.00,United States,2006,164859,Finance,Finance/Investors Services
GLQ,Clough Global Equity Fund Clough Global Equity Fund Common Shares of Beneficial Interest,$5.975,-0.105,-1.727%,114269610.00,United States,2005,74366,Finance,Finance/Investors Services
GLTA,Galata Acquisition Corp. Class A Ordinary Shares,$10.37,0.02,0.193%,186335938.00,,2021,244,Consumer Discretionary,Rental/Leasing Companies
GLU,Gabelli Global Utility Common Shares of Beneficial Ownership,$14.4428,-0.2729,-1.854%,86207788.00,United States,2004,12649,Finance,Finance/Investors Services
GLU^A,The Gabelli Global Utility and Income Trust Series A Cumulative Puttable and Callable Preferred Shares,$48.00,0.01,0.021%,,United States,,200,,
GLU^B,The Gabelli Global Utility and Income Trust Series B Cumulative Puttable and Callable Preferred Shares,$49.81,0.00,0.00%,,United States,,30,,
GLV,Clough Global Dividend and Income Fund Common Shares of beneficial interest,$5.8901,-0.0699,-1.173%,74860715.00,United States,2004,33462,Finance,Finance/Investors Services
GNS,Genius Group Limited Ordinary Shares,$3.93,0.13,3.421%,97034306.00,,2022,5709950,Real Estate,Other Consumer Services
GORO,Gold Resource Corporation Common Stock,$0.9279,-0.0721,-7.21%,82024605.00,United States,,1124491,Basic Materials,Precious Metals
GRF,Eagle Capital Growth Fund Inc. Common Stock,$8.35,-0.1592,-1.871%,32790976.00,United States,,1324,Finance,Finance/Investors Services
GRFX,Graphex Group Limited American Depositary Shares each American Depositary Share representing 20 Ordinary Shares,$1.7299,-0.0701,-3.894%,59114407.00,,2022,25619,,
GROY,Gold Royalty Corp. Common Shares,$2.05,-0.07,-3.302%,295021791.00,,2021,739526,,
GSAT,Globalstar Inc. Common Stock,$1.20,0.04,3.448%,2161200000.00,United States,2006,2546795,Consumer Discretionary,Telecommunications Equipment
GTE,Gran Tierra Energy Inc. Common Stock,$0.871,-0.0032,-0.366%,301497658.00,Canada,,3728253,Energy,Oil & Gas Production
HNRA,HNR Acquisition Corp Common Stock,$10.40,0.00,0.00%,120965000.00,,2022,50,Industrials,Consumer Electronics/Appliances
HNW,Pioneer Diversified High Income Fund Inc.,$10.52,-0.07,-0.661%,87681665.00,United States,2007,19101,Finance,Finance/Investors Services
HUSA,Houston American Energy Corporation Common Stock,$3.08,-0.11,-3.448%,30579281.00,United States,,92397,Energy,Oil & Gas Production
HWM^,Howmet Aerospace Inc. $3.75 Preferred Stock,$64.226,0.00,0.00%,,United States,,1,,
HZON,Horizon Acquisition Corporation II Class A Ordinary Shares,$10.0622,-0.0179,-0.178%,305372958.00,United States,2020,1071,Finance,Blank Checks
IAF,abrdn Australia Equity Fund Inc. Common Stock,$4.62,-0.18,-3.75%,115186667.00,United States,1985,30930,Finance,Finance/Investors Services
IAUX,i-80 Gold Corp. Common Shares,$2.16,-0.10,-4.425%,519196213.00,,2022,1219972,,
IBIO,iBio Inc. Common Stock,$1.929,0.279,16.909%,23860098.00,United States,,1897657,Health Care,Biotechnology: Pharmaceutical Preparations
ID,PARTS iD Inc. Class A Common Stock,$0.40,0.001,0.251%,13645780.00,United States,2017,2111,Consumer Discretionary,Auto Parts:O.E.M.
IDR,Idaho Strategic Resources Inc. Common Stock,$5.10,-0.16,-3.042%,61700157.00,,2022,3858,Basic Materials,Precious Metals
IDW,IDW Media Holdings Class B Common Stock,$0.90,-0.02,-2.174%,12671557.00,,2021,2265,Consumer Discretionary,Newspapers/Magazines
IE,Ivanhoe Electric Inc. Common Stock,$15.27,-1.06,-6.491%,1418398508.00,,2022,359496,Basic Materials,Metal Mining
IGC,India Globalization Capital Inc. Common Stock,$0.381,-0.0084,-2.157%,20222503.00,United States,,31447,Consumer Discretionary,Engineering & Construction
IHT,InnSuites Hospitality Trust Shares of Beneficial Interest,$1.61,-0.093,-5.461%,14679196.00,United States,1999,479,Real Estate,Real Estate Investment Trusts
IMH,Impac Mortgage Holdings Inc. Common Stock ,$0.371,-0.009,-2.368%,13566347.00,United States,1997,27815,Finance,Finance: Consumer Services
IMO,Imperial Oil Limited Common Stock,$50.77,-1.15,-2.215%,29657433493.00,Canada,1929,287480,,
INDO,Indonesia Energy Corporation Limited Ordinary Shares,$5.16,-0.25,-4.621%,52336301.00,,2019,52842,Energy,Oil & Gas Production
INFU,InfuSystems Holdings Inc. Common Stock,$9.415,-0.165,-1.722%,194479761.00,United States,,12021,Health Care,Medical/Dental Instruments
INLX,Intellinetics Inc. Common Stock,$4.38,0.00,0.00%,,,2022,104,Technology,EDP Services
INTT,inTest Corporation Common Stock,$14.99,-0.12,-0.794%,165234006.00,United States,1997,54466,Technology,Semiconductors
INUV,Inuvo Inc.,$0.37,-0.015,-3.896%,44449907.00,United States,,84749,Consumer Discretionary,Advertising
IOR,Income Opportunity Realty Investors Inc. Common Stock,$11.6069,0.00,0.00%,48382364.00,United States,1987,12,Finance,Diversified Financial Services
IPVF,InterPrivate III Financial Partners Inc. Class A Common Stock,$10.21,0.00,0.00%,339342113.00,,2021,1,Industrials,Consumer Electronics/Appliances
ISDR,Issuer Direct Corporation Common Stock,$22.875,-0.225,-0.974%,86719583.00,United States,,7636,Technology,Computer Software: Prepackaged Software
ITP,IT Tech Packaging Inc. Common Stock,$0.5303,-0.0099,-1.833%,6053862.00,China,,29344,Basic Materials,Paper
ITRG,Integra Resources Corp. Common Shares,$0.5093,-0.0307,-5.685%,40542793.00,,,102031,,
JOB,GEE Group Inc. Common Stock,$0.4399,0.0099,2.302%,50346755.00,United States,1968,54168,Consumer Discretionary,Diversified Commercial Services
KIQ,Kelso Technologies Inc Ordinary Shares,$0.4243,0.0094,2.266%,23048012.00,Canada,,94007,,
KNW,Know Labs Inc. Common Stock,$0.99,0.0024,0.243%,47725858.00,,2022,64944,Industrials,Industrial Machinery/Components
KULR,KULR Technology Group Inc. Common Stock,$1.1513,-0.0587,-4.851%,129805146.00,United States,,948953,,
LCTX,Lineage Cell Therapeutics Inc. Common Stock,$1.39,0.01,0.725%,208474072.00,United States,,149307,Health Care,Biotechnology: Biological Products (No Diagnostic Substances)
LEU,Centrus Energy Corp. Class A Common Stock,$42.53,2.01,4.961%,618375823.00,United States,2014,132594,,
LGL,LGL Group Inc. (The) Common Stock,$4.61,0.00,0.00%,24677040.00,United States,1946,405,Technology,Industrial Machinery/Components
LNG,Cheniere Energy Inc. Common Stock,$154.46,-2.09,-1.335%,38407931851.00,United States,2001,1039886,Utilities,Oil/Gas Transmission
LODE,Comstock Inc. Common Stock,$0.35,0.0424,13.784%,33554389.00,United States,,7593681,Finance,Real Estate
LPTV,Loop Media Inc. Common Stock,$5.86,-0.04,-0.678%,330393885.00,,2022,6314,Industrials,Broadcasting
LSF,Laird Superfood Inc. Common Stock,$1.0463,0.0463,4.63%,9649629.00,,2020,7353,Consumer Staples,Specialty Foods
LXFR,Luxfer Holdings PLC Ordinary Shares,$15.93,0.03,0.189%,433433651.00,United Kingdom,2012,55041,Industrials,Metal Fabrications
MAG,MAG Silver Corporation Ordinary Shares,$11.31,-0.65,-5.435%,1163262951.00,Canada,,528947,,
MAIA,MAIA Biotechnology Inc. Common Stock,$4.25,-0.25,-5.556%,46520092.00,,2022,35310,Health Care,Biotechnology: Pharmaceutical Preparations
MGLD,The Marygold Companies Inc. Common Stock,$1.84,0.01,0.546%,72556387.00,,2022,19547,Finance,Finance/Investors Services
MHH,Mastech Digital Inc Common Stock,$12.4001,-0.1999,-1.587%,144060753.00,United States,,5471,Consumer Discretionary,Professional Services
MIMO,Airspan Networks Holdings Inc. Common Stock,$1.28,0.02,1.587%,94623352.00,,2020,547,Consumer Discretionary,Telecommunications Equipment
MITQ,Moving iMage Technologies Inc. Common Stock,$1.20,-0.02,-1.639%,13150078.00,United States,2021,63651,Telecommunications,Telecommunications Equipment
MLSS,Milestone Scientific Inc. Common Stock,$0.76,0.0516,7.284%,53044451.00,United States,2015,40969,Health Care,Industrial Specialties
MNK,Mallinckrodt plc Ordinary Shares,$9.10,0.05,0.552%,119855481.00,,2022,46807,Health Care,Biotechnology: Pharmaceutical Preparations
MPTI,M-tron Industries Inc. Common Stock,$10.20,-0.25,-2.392%,27813340.00,,2022,1739,,
MPU,Mega Matrix Corp. Common Stock,$1.46,-0.06,-3.947%,46083519.00,United States,1998,3622,Consumer Discretionary,Diversified Commercial Services
MSN,Emerson Radio Corporation Common Stock,$0.577,-0.013,-2.203%,12141610.00,United States,1994,3472,Consumer Staples,Consumer Electronics/Appliances
MTA,Metalla Royalty & Streaming Ltd. Common Shares,$4.47,-0.10,-2.188%,201215883.00,,,108024,,
MTNB,Matinas Biopharma Holdings Inc. Common Stock,$0.4795,0.0041,0.862%,103986540.00,United States,2017,236317,Health Care,Biotechnology: Pharmaceutical Preparations
MXC,Mexco Energy Corporation Common Stock,$12.76,-0.14,-1.085%,27331920.00,United States,2003,1112,Energy,Oil & Gas Production
MYO,Myomo Inc. Common Stock,$0.753,0.0131,1.771%,15228634.00,United States,2017,643164,Health Care,Industrial Specialties
NAK,Northern Dynasty Minerals Ltd. Common Stock,$0.2144,-0.0017,-0.787%,113584701.00,Canada,,404792,,
NAVB,Navidea Biopharmaceuticals Inc. Common Stock,$0.31,-0.02,-6.061%,10032952.00,United States,,20536,Health Care,Biotechnology: In Vitro & In Vivo Diagnostic Substances
NBH,Neuberger Berman Municipal Fund Inc. Common Stock,$10.295,0.055,0.537%,193990373.00,United States,2002,35292,Finance,Finance/Investors Services
NBO,Neuberger Berman New York Municipal Fund Inc. Common Stock,$9.50,0.04,0.423%,48235462.00,United States,2002,11708,Finance,Finance/Investors Services
NBW,Neuberger Berman California Municipal Fund Inc Common Stock,$10.595,0.015,0.142%,58813311.00,United States,2002,19615,Finance,Finance/Investors Services
NBY,NovaBay Pharmaceuticals Inc. Common Stock,$2.0366,-0.1234,-5.713%,3821566.00,United States,2007,5761,Health Care,Biotechnology: Pharmaceutical Preparations
NEN,New England Realty Associates Limited Partnership Class A Depositary Receipts Evidencing Units of Limited Partnership,$72.5002,-2.9798,-3.948%,259379326.00,United States,,460,Finance,Real Estate
NEWP,New Pacific Metals Corp. Common Shares,$2.3401,-0.0499,-2.088%,367511008.00,,2021,57428,,
NFGC,New Found Gold Corp Common Shares,$3.49,-0.13,-3.591%,611698456.00,,2021,135611,,
NG,Novagold Resources Inc.,$5.45,-0.21,-3.71%,1820113163.00,Canada,2003,527147,,
NGD,New Gold Inc.,$0.8652,-0.0348,-3.867%,590758560.00,Canada,,1245175,,
NHC,National HealthCare Corporation Common Stock,$53.875,-1.065,-1.938%,827271582.00,United States,1986,45411,Health Care,Hospital/Nursing Management
NHS,Neuberger Berman High Yield Strategies Fund,$8.36,0.01,0.12%,162456034.00,United States,,51329,Finance,Trusts Except Educational Religious and Charitable
NHWK,NightHawk Biosciences Inc. Common Stock,$0.9099,-0.0101,-1.098%,23349388.00,United States,2022,19741,Health Care,Biotechnology: Pharmaceutical Preparations
NML,Neuberger Berman MLP and Energy Income Fund Inc. Common Stock,$7.04,-0.01,-0.142%,398878853.00,,2013,82421,Finance,Finance/Investors Services
NNVC,NanoViricides Inc. Common Stock,$1.39,0.0499,3.724%,16172650.00,United States,,17831,Health Care,Biotechnology: Pharmaceutical Preparations
NRO,Neuberger Berman Real Estate Securities Income Fund Inc. Neuberger Berman Real Estate Securities Income Fund Inc.,$3.2917,-0.0783,-2.323%,156210277.00,United States,2003,126809,Finance,Finance/Investors Services
NSTB,Northern Star Investment Corp. II Class A Common stock,$9.99,0.00,0.00%,499500000.00,,2021,393,Industrials,Consumer Electronics/Appliances
NTIP,Network-1 Technologies Inc. Common Stock,$2.22,-0.03,-1.333%,53041954.00,United States,,30591,Technology,Interactive Media
OBE,Obsidian Energy Ltd. Common Shares,$7.26,-0.27,-3.586%,598515925.00,,2022,275456,,
OGEN,Oragenics Inc. Common Stock,$4.0903,-0.0297,-0.721%,8021230.00,United States,,5470,Health Care,Biotechnology: Pharmaceutical Preparations
OPTT,Ocean Power Technologies Inc. Common Stock,$0.5702,-0.0198,-3.356%,31886656.00,United States,2007,130810,Industrials,Industrial Machinery/Components
ORLA,Orla Mining Ltd. Common Shares,$4.05,-0.28,-6.467%,1236755215.00,,2020,115929,,
OZ,Belpointe PREP LLC Class A Units,$96.55,0.0599,0.062%,343182148.00,,,10954,,
PCG^A,Pacific Gas & Electric Co. 6% Preferred Stock,$21.8101,-0.1399,-0.637%,,United States,,1205,,
PCG^B,Pacific Gas & Electric Co. 5 1/2% Preferred Stock,$19.16,-0.495,-2.518%,,United States,,3137,,
PCG^C,Pacific Gas & Electric Co. 5% 1st Preferred Stock,$18.28,0.4656,2.614%,,United States,,600,,
PCG^D,Pacific Gas & Electric Co. 5% 1st  Red. Preferred Stock,$17.7398,0.1398,0.794%,,United States,,2183,,
PCG^E,Pacific Gas & Electric Co. 5% 1st A Preferred Stock,$17.76,-0.22,-1.224%,,United States,,3666,,
PCG^G,Pacific Gas & Electric Co. 4.80% 1st Preferred Stock,$17.00,0.00,0.00%,,United States,,173,,
PCG^H,Pacific Gas & Electric Co. 4.50% 1st Preferred Stock,$16.5499,0.00,0.00%,,United States,,1,,
PED,Pedevco Corp. Common Stock,$0.978,-0.0145,-1.461%,83902881.00,United States,,93373,,
PHGE,BiomX Inc. COmmon Stock,$0.43,-0.055,-11.34%,12892381.00,,2019,261985,Health Care,Biotechnology: Pharmaceutical Preparations
PLAG,Planet Green Holdings Corp. Common Stock,$0.58,-0.01,-1.695%,41807519.00,China,,1959,,
PLG,Platinum Group Metals Ltd. Ordinary Shares (Canada),$1.39,-0.06,-4.138%,139286404.00,Canada,,301853,,
PLM,Polymet Mining Corporation Ordinary Shares (Canada),$2.52,-0.22,-8.029%,255707253.00,Canada,,129097,,
PLX,Protalix BioTherapeutics Inc. (DE) Common Stock,$2.18,0.08,3.81%,110451004.00,Israel,,1506395,Health Care,Biotechnology: Biological Products (No Diagnostic Substances)
PLYM^A,Plymouth Industrial REIT Inc. 7.50% Series A Cumulative Redeemable Preferred Stock,$25.45,0.042,0.165%,,United States,,3727,,
POL,Polished Inc. Common Stock,$0.6366,-0.0355,-5.282%,66988066.00,United States,2020,459795,Consumer Discretionary,Other Specialty Stores
PRK,Park National Corporation Common Stock,$123.22,-2.72,-2.16%,2003998697.00,United States,1994,21639,Finance,Major Banks
PTN,Palatin Technologies Inc. Common Stock,$2.96,-0.01,-0.337%,33011933.00,United States,1999,29645,Health Care,Biotechnology: Pharmaceutical Preparations
PW,Power REIT (MD) Common Stock,$4.2932,0.2316,5.702%,14552493.00,United States,1998,6964,Real Estate,Real Estate Investment Trusts
PW^A,Power REIT 7.75% Series A Cumulative Perpetual Preferred Stock,$13.90,0.00,0.00%,,United States,,26,,
PZG,Paramount Gold Nevada Corp. Common Stock,$0.3047,-0.0078,-2.496%,14725956.00,United States,2015,48146,Basic Materials,Precious Metals
RCG,RENN Fund Inc Common Stock,$1.71,-0.04,-2.286%,11996992.00,United States,,2877,Finance,Investment Managers
REI,Ring Energy Inc. Common Stock,$2.0988,-0.0812,-3.725%,366054506.00,United States,,2015274,Energy,Oil & Gas Production
REPX,Riley Exploration Permian Inc. Common Stock,$33.66,0.42,1.264%,678593342.00,United States,1999,41774,Energy,Oil & Gas Production
RHE,Regional Health Properties Inc. Common Stock,$4.25,0.4229,11.05%,7600441.00,,2017,17499,Health Care,Hospital/Nursing Management
RHE^A,Regional Health Properties Inc. 10.875% Series A Cumulative Redeemable Preferred Stock,$5.06,-0.24,-4.528%,,,,2250,,
RLGT,Radiant Logistics Inc. Common Stock,$5.601,-0.189,-3.264%,269855239.00,United States,,15657,Consumer Discretionary,Oil Refining/Marketing
RMED,Ra Medical Systems Inc. Common Stock,$1.98,-0.2892,-12.745%,5592518.00,,2018,261094,Health Care,Medical/Dental Instruments
RVP,Retractable Technologies Inc. Common Stock,$1.9422,-0.0478,-2.402%,63970550.00,United States,2001,14020,Health Care,Medical/Dental Instruments
SACC,Sachem Capital Corp. 6.875% Notes due 2024,$23.99,0.00,0.00%,0.00,United States,2019,750,Real Estate,Real Estate Investment Trusts
SACH,Sachem Capital Corp. Common Shares,$3.79,-0.02,-0.525%,154615737.00,United States,2017,166814,Real Estate,Real Estate Investment Trusts
SACH^A,Sachem Capital Corp. 7.75% Series A Cumulative Redeemable Preferred Stock,$22.07,0.14,0.638%,,United States,,2982,,
SATX,SatixFy Communications Ltd. Ordinary Share,$1.2403,-0.0497,-3.853%,102538918.00,,2022,219599,,
SBEV,Splash Beverage Group Inc. (NV) Common Stock,$1.4501,0.0301,2.12%,58150628.00,,2021,153704,Consumer Staples,Beverages (Production/Distribution)
SCCB,Sachem Capital Corp. 7.125% Notes due 2024,$24.7557,0.0657,0.266%,0.00,United States,2019,390,Real Estate,Real Estate Investment Trusts
SCCC,Sachem Capital Corp. 7.75% Notes due 2025,$24.1293,0.0593,0.246%,0.00,United States,2020,3433,Real Estate,Real Estate Investment Trusts
SCCD,Sachem Capital Corp. 6.00% Notes due 2026,$21.19,-0.12,-0.563%,0.00,United States,,3375,Real Estate,Real Estate Investment Trusts
SCCE,Sachem Capital Corp. 6.00% Notes due 2027,$20.94,-0.0087,-0.042%,0.00,United States,2022,2520,Real Estate,Real Estate Investment Trusts
SCCF,Sachem Capital Corp. 7.125% Notes due 2027,$21.82,0.02,0.092%,0.00,United States,2022,150,Real Estate,Real Estate Investment Trusts
SCCG,Sachem Capital Corp. 8.00% Notes due 2027,$22.4013,0.0313,0.14%,0.00,United States,2022,2535,Real Estate,Real Estate Investment Trusts
SDPI,Superior Drilling Products Inc. Common Stock,$1.15,0.04,3.604%,33631842.00,,2014,74947,Industrials,Metal Fabrications
SEB,Seaboard Corporation Common Stock,$3784.25,8.37,0.222%,4392677931.00,United States,1996,734,Industrials,Consumer Electronics/Appliances
SENS,Senseonics Holdings Inc. Common Stock,$0.9808,-0.0392,-3.843%,469073826.00,United States,,1191469,Health Care,Biotechnology: Electromedical & Electrotherapeutic Apparatus
SIF,SIFCO Industries Inc. Common Stock,$2.35,-0.46,-16.37%,14330810.00,United States,1969,39765,Industrials,Office Equipment/Supplies/Services
SILV,SilverCrest Metals Inc. Common Shares,$5.17,-0.24,-4.436%,760797885.00,,2018,821821,Industrials,Industrial Machinery/Components
SIM,Grupo Simec S.A.B. de C.V. American Depositary Shares,$35.72,0.00,0.00%,5502497973.00,Mexico,1998,140,Industrials,Steel/Iron Ore
SKYH,Sky Harbour Group Corporation Class A Common Stock,$7.75,-0.29,-3.607%,115961940.00,,2022,27676,Industrials,Military/Government/Technical
SLI,Standard Lithium Ltd. Common Shares,$3.8101,-0.2699,-6.615%,638200121.00,,2021,645869,,
SLND,Southland Holdings Inc. Common Stock,$9.06,-0.14,-1.522%,402334949.00,United States,,323111,Industrials,Engineering & Construction
SNMP,Evolve Transition Infrastructure LP Common Stock,$0.2215,-0.0185,-7.708%,43826968.00,United States,,38522,Energy,Oil & Gas Production
SSY,SunLink Health Systems Inc. Common Stock,$1.21,0.0422,3.614%,8508240.00,United States,1996,25622,Consumer Staples,Retail-Drug Stores and Proprietary Stores
STRW,Strawberry Fields REIT Inc. Common Stock,$7.50,0.00,0.00%,45331725.00,,2023,10362,Real Estate,Real Estate Investment Trusts
STXS,Stereotaxis Inc. Common Stock,$2.305,-0.015,-0.647%,172517066.00,United States,,87726,Health Care,Biotechnology: Electromedical & Electrotherapeutic Apparatus
SVM,Silvercorp Metals Inc. Common Shares,$3.07,-0.08,-2.54%,542687784.00,,,815956,,
SVT,Servotronics Inc. Common Stock,$10.50,-0.6366,-5.716%,26355441.00,United States,1970,338,Consumer Discretionary,Metal Fabrications
TELL,Tellurian Inc. Common Stock,$1.435,-0.065,-4.333%,810154460.00,United States,,9577835,Energy,Oil & Gas Production
TELZ,Tellurian Inc. 8.25% Senior Notes due 2028,$17.7601,-0.3399,-1.878%,0.00,United States,,15367,Energy,Oil & Gas Production
TGB,Taseko Mines Ltd. Common Stock,$1.6199,-0.1001,-5.82%,463942469.00,Canada,,966442,,
THM,International Tower Hill Mines Ltd. Ordinary Shares (Canada),$0.5424,0.0024,0.444%,105937871.00,Canada,,18267,,
TKAT,Takung Art Co. Ltd. Common Stock,$0.8002,-0.0198,-2.415%,28000507.00,,,29295,Consumer Discretionary,Catalog/Specialty Distribution
TMBR,Timber Pharmaceuticals Inc. Common Stock,$2.8523,-0.2027,-6.635%,8475435.00,United States,2015,163595,Health Care, Medicinal Chemicals and Botanical Products 
TMP,Tompkins Financial Corporation Common Stock,$72.62,-0.87,-1.184%,1054430127.00,United States,1997,30672,Finance,Major Banks
TMQ,Trilogy Metals Inc. Common Stock,$0.5699,-0.005,-0.87%,84757066.00,Canada,,73737,,
TOVX,Theriva Biologics Inc. Common Stock,$0.863,0.011,1.291%,13673425.00,United States,,15344,Health Care,Biotechnology: Pharmaceutical Preparations
TPHS,Trinity Place Holdings Inc. Common Stock,$0.8037,0.0237,3.038%,29662849.00,,,13007,Real Estate,Real Estate
TRT,Trio-Tech International Common Stock,$4.8277,0.1663,3.568%,19680988.00,United States,1998,7059,Technology,Industrial Machinery/Components
TRX,TRX Gold Corporation Common Stock,$0.4142,-0.0249,-5.671%,114613781.00,Canada,,195423,,
UAMY,United States Antimony Corporation Common Stock,$0.4099,0.0041,1.01%,43602432.00,United States,,77355,,
UAVS,AgEagle Aerial Systems Inc. Common Stock,$0.4229,-0.0068,-1.582%,37219070.00,United States,,287188,Industrials,Wholesale Distributors
UEC,Uranium Energy Corp. Common Stock,$3.3422,-0.2078,-5.854%,1235955727.00,Canada,,7489036,Basic Materials,Other Metals and Minerals
UFAB,Unique Fabricating Inc. Common Stock,$0.27,0.00,0.00%,3167950.00,United States,2015,230931,Consumer Discretionary,Auto Parts:O.E.M.
URG,Ur Energy Inc Common Shares (Canada),$1.065,-0.015,-1.389%,240266454.00,Canada,,588148,,
USAS,Americas Gold and Silver Corporation Common Shares no par value,$0.48,0.00,0.00%,91907979.00,,2017,137409,,
UTG,Reaves Utility Income Fund Common Shares of Beneficial Interest,$27.87,-0.40,-1.415%,2033553864.00,United States,2004,275810,Finance,Investment Managers
UUU,Universal Security Instruments Inc. Common Stock,$2.5689,0.0349,1.377%,5941575.00,United States,2003,1854,Technology,Security Systems Services
UUUU,Energy Fuels Inc Ordinary Shares (Canada),$6.12,-0.33,-5.116%,964667466.00,,,1341274,,
VFL,Delaware Investments National Municipal Income Fund Common Stock,$10.26,-0.16,-1.536%,215015691.00,United States,1993,17111,Finance,Finance/Investors Services
VGZ,Vista Gold Corp Common Stock,$0.5165,-0.0079,-1.506%,61458297.00,United States,1986,26679,,
VHAQ,Viveon Health Acquisition Corp. Common Stock,$10.77,0.02,0.186%,74054778.00,,2021,13798,Industrials,Consumer Electronics/Appliances
VINE,Fresh Vine Wine Inc. Common Stock,$0.9951,0.0151,1.541%,12669869.00,,2021,8244,Consumer Staples,Beverages (Production/Distribution)
VKI,Invesco Advantage Municipal Income Trust II Common Shares of Beneficial Interest (DE),$8.38,-0.07,-0.828%,372122448.00,United States,1993,46968,Finance,Finance Companies
VNRX,VolitionRX Limited Common Stock,$2.00,0.06,3.093%,116279576.00,Singapore,2015,43143,Health Care,Biotechnology: Biological Products (No Diagnostic Substances)
VZLA,Vizsla Silver Corp. Common Shares,$1.2273,-0.0527,-4.117%,221473832.00,,2022,86583,,
WLMS,Williams Industrial Services Group Inc. Common Stock,$1.00,-0.01,-0.99%,26422761.00,,2021,1226,Industrials,Engineering & Construction
WRAC,Williams Rowland Acquisition Corp. Common Stock,$10.21,0.00,0.00%,293537500.00,,2021,105,Industrials,Consumer Electronics/Appliances
WRN,Western Copper and Gold Corporation Common Stock,$1.655,-0.095,-5.429%,250893844.00,Canada,2011,92585,,
WTT,Wireless Telecom Group  Inc. Common Stock,$1.86,-0.02,-1.064%,40095557.00,United States,1993,1900,Telecommunications,Telecommunications Equipment
WWR,Westwater Resources Inc. Common Stock,$1.08,0.114,11.801%,51912017.00,United States,,792876,Basic Materials,Other Metals and Minerals
WYY,WidePoint Corporation Common Stock,$2.01,-0.08,-3.828%,17538207.00,United States,,42991,Technology,EDP Services
XPL,Solitario Zinc Corp. Common Stock,$0.7659,0.0039,0.512%,49606480.00,United States,,59331,Basic Materials,Precious Metals
XTNT,Xtant Medical Holdings Inc. Common Stock,$0.9776,0.0576,6.261%,106225418.00,United States,,124190,Health Care,Medical Specialities
YCBD,cbdMD Inc. Common Stock,$0.2379,0.0105,4.617%,15565722.00,United States,2017,1622170,Health Care,Biotechnology: Pharmaceutical Preparations
YCBD^A,cbdMD Inc. 8.0% Series A Cumulative Convertible Preferred Stock,$4.1375,0.0571,1.399%,,United States,,2882,,
ZDGE,Zedge Inc. Class B Common Stock ,$2.6616,-0.1684,-5.951%,39324570.00,,2016,36019,Technology,Internet and Information Services
ZOM,Zomedica Corp. Common Shares,$0.247,-0.0033,-1.318%,242047568.00,United States,2017,2242969,Health Care,Pharmaceuticals and Biotechnology
